{"cameraMode":{"drawMode":0,"name":"Shaded","section":"Shading Mode"},"sceneLighting":true,"audioPlay":false,"sceneViewState":{"showFog":true,"showMaterialUpdate":false,"showSkybox":true,"showFlares":true,"showImageEffects":true,"showParticleSystems":true},"in2DMode":false,"pivot":{"x":1.1408884525299073,"y":0.5775238275527954,"z":-1.6582025289535523},"rotation":{"x":-0.006244707386940718,"y":-0.9893339276313782,"z":0.04454993084073067,"w":-0.13861572742462159},"size":2.6308367252349855,"orthographic":true}